src_bytes,dst_bytes,count,srv_count
14176.58015153854,1007.3801133668311,46,9
48195.96863728351,1754.071344422566,216,36
9635.567772562747,5114.521020259968,11,49
2735.9061398041777,5948.197512085465,13,2
1865.2489365973502,1965.4598417145792,8,3
5768.983021638412,389.6842542808251,27,2
36630.09502886648,3564.0036373874455,21,10
4510.345824277685,1080.1740297805609,4,14
10954.640798128967,1975.0861669685764,3,10
39959.30154165532,568.9861035088271,17,4
2655.4965405241455,4039.6564054436335,23,37
3294.6305421085062,2920.1889869258107,6,33
3263.117023289988,520.2369896667053,35,43
2840.824257659713,1396.9197424897975,43,17
9823.602392144523,523.8571406516802,7,10
427.974764992939,418.99553397642563,18,40
20792.819101931087,417.5670302957417,47,21
1183.5687367340367,3436.297288178656,42,5
820.0551383142226,1453.4317139595098,30,22
45077.85729857892,7368.751963084054,25,44
3074.0771683463636,394.77208988384854,5,16
6540.5133359031715,385.32419658198666,4,18
16972.152506430688,270.7283414706179,49,16
19843.348986415906,878.5088120633532,24,19
1096.7314974204417,419.86377929723403,36,44
1018.4580213087174,2894.684815309538,38,12
1347.7872901225185,562.2836715002683,16,37
57953.565744633925,3343.681272505534,19,23
7519.129355891462,3096.7202796619604,48,15
667.8348285158974,338.6329345636953,26,17
16875.01726493611,783.8498101380687,21,2
1685.0526090416797,176.88016190341705,37,49
1572.4901835328355,75.36409159408547,35,30
50514.17530501548,3428.881222417931,376,44
12301.436947034335,63.57785037973402,224,6
852.3265796488164,251.9946801976322,43,10
18956.343520028677,1847.8166584053647,47,20
3133.059929832518,2782.561738938107,13,10
31641.849244170262,999.608956713662,44,49
125.02517363848766,20670.892393761365,39,32
1827.743150536267,75.66109583857583,3,9
2305.3013979540874,3264.733822083768,40,44
136784.14999661202,1753.9298247564757,39,37
25728.974286203644,946.4074628863507,64,40
2421.0313898224413,101.38181998978422,30,37
6609.651894251773,5259.363770611665,36,18
602.3549280041987,5932.92063843011,19,28
24450.4688877121,1192.1371729952027,21,33
43892.27009805194,1883.704406404634,24,34
1039.9538784965002,4065.315445188657,25,10
1930.1047145327477,8054.937816749599,48,21
24.363746699511317,1177.0501902667274,3,28
2075.4818972713197,1086.5865717253826,11,27
1465565.9145594048,427.9586169469631,288,40
846.3903963445146,504.1514649713049,18,12
1842.7934675171323,450.7231859048763,6,38
5923.024116472704,1882.0015885092917,20,28
23707.1641108245,3269.467677596184,14,45
6307.656461911331,36909.842086882374,13,37
1320.7021670178146,1443.1613942927872,5,2
944.835297688713,2857.2684772089196,35,46
1043.957304734968,129.90916102177945,7,27
2394.3274088827234,1511.2697470990481,2,27
5492.610277006263,1635.4506130382965,30,13
147.9051174389595,295.0159163020322,34,7
7118.295551799103,997.0359126511809,3,21
9323.74802988494,2917.380393950809,15,42
32440.455379160252,1001.3564821605445,11,34
406.151084060653,1990.6729025874213,6,45
39871.61064410897,456.69104875989694,42,35
12001.883647243341,2814.287851318255,23,44
974.2458658358173,199.15668377924564,7,34
8699.368984440121,967.0209933781051,7,45
1926.4364920466728,929.5999211356537,14,41
1587.9252970807572,2791.61731855377,11,22
1067.5445209356676,1355.8908017164165,23,23
809.7221266794827,798.9259333193208,17,39
12259.258244564167,599.3317551256446,29,30
9198.845688121819,240.48692255278274,1,7
196.8778122593796,2576.847981143805,25,9
3157.9072300513894,8754.212174558543,24,46
7104.72340267562,62.76307783852436,18,40
2797.0284620582197,484.6033047140199,26,22
4341.166694411266,948.6405948908366,40,47
3442.3099039993003,4079.6496047380388,11,29
7632.711634717374,1200.7841458855446,9,28
2488.139065945821,131.68785428345475,45,4
3635.180783099913,799.7527971785104,5,22
8635.85437907595,384.41512689739903,2,14
197.25937105813853,318.8760126287396,41,23
953.0398885513955,488.589506886412,36,30
2055.433725327875,6661.543124007225,29,43
5161.037575846908,14119.304795408403,22,17
3616.0487130506276,280.18200284039193,17,16
191.55757192113524,598.0540489100247,2,32
15759.184977852212,3157.754492531163,41,5
1287.5449682427559,1800.9309339507574,4,16
1183.7575383294654,324.56944287837007,40,37
7263.8286210648575,657.6335179565041,48,8
7661.776582072511,1766.8955669855825,13,20
36245.83838597245,946.2084645746182,19,4
3129.1787966187817,363.7450246734894,36,1
2944.315700615338,1125.844076073072,38,32
408.69802233710413,481.2573147877428,26,48
11472.917722271453,1324.8963526500697,18,36
1734.2874407598354,1989.129452644929,19,38
819.4931887059888,845.998329849858,17,48
65821.53444190713,1015.4426525913343,37,34
452.67565302687797,526.3794583376889,29,32
2550.543394118979,738.0128472174059,35,34
9006.56101502597,4459.199942429395,304,10
4008.514978553384,396.97905548460847,26,9
8330.876084009324,1039.8079137729296,9,25
5404.596477115394,585.8696116520199,1,45
7464.482761968927,618.7457260334367,9,45
212.5965601469469,959.6948079561779,1,22
2666.5221289073247,1820.5117143616928,30,2
35307.90060976326,1674.8008144811959,27,10
439.04727503499686,910.9429272541096,1,11
2039.9051317361684,4160.205798323414,7,29
1426.484079580566,421.870679639206,32,17
12727.855985968665,786.2788350786667,10,39
14444.058372673653,314.3206374388334,26,6
6358.739189177072,4903.247068572769,47,1
407.28878226023465,472.5497642019232,48,32
7080.9691699361765,375.28979825675907,33,36
243.58288039456443,2436.6932054368303,19,42
1246.1869778058258,706.1472888710958,42,32
4518.613667192176,144.33184380137092,22,4
19926.618601404563,1899.8060276928288,88,36
1723.6295790592294,852.1917114291022,24,19
7177.8109048021215,3903.591692927247,25,7
3575.1058659600576,2770.6831854989664,18,40
1179.6282060584144,897.0237352655344,44,7
153.14871591310614,931.5243596890624,39,30
5933.925695555545,2872.7547944256667,48,47
4170.27596841565,1140.2743237630318,38,44
954066.6235512189,635.4617223264221,112,4
27546.884570522092,6039.134962148716,9,27
4826.438749351202,645.5731582083555,16,27
10973.559004542023,221.6728796793197,15,31
8956.947216245067,2150.036990169959,20,38
544.6322958274077,2428.3192905218257,37,10
42384.03137113828,549.7410158434985,12,43
1581.1355728797575,2145.950378907415,32,5
10828.939564606515,701.1920108273474,20,31
59834.61744634657,267.52913271649004,13,8
7704.43664849018,810.278684955773,36,37
3328.016578036735,1198.08821980645,29,13
9401.23438336942,97.5102842751234,4,31
4265.554689258884,71.28202198849503,14,31
447.96447868818524,2840.03572415394,41,11
10416.666167835829,258.3444626998008,26,22
440.6053517077155,17555.21753254228,23,42
11230.686343358968,878.4381857900017,31,5
846.5650404886165,5368.449272400438,44,42
6893.7198766937945,525.0918046570658,20,46
3753.8374785468286,1859.9406643765003,21,4
2291.3998971757296,776.6739280397471,23,14
4073.1444101329134,888.9577015157155,20,18
19592.503186320762,256.88870397841816,12,25
17625.211082673373,6238.752101915949,31,5
883.5890769643249,622.0868011098751,48,39
15683.40292401588,1949.1846090978984,47,28
1606.3391180335188,276.5421485578743,34,14
4451.906127419828,3303.038845868879,36,41
871.713000518187,235.24670851984115,15,40
753.8894442057235,2146.6056397242373,27,43
3933.868988636272,6646.672594723023,21,28
35654.29256316985,1691.896005089783,43,16
3565.4346148280583,594.8064855320379,33,18
4395.719682930595,447.93083611026935,36,23
382.184991157189,1102.3984508064104,43,16
7258.5852089813325,1929.8270934258983,28,8
3980.706165965971,2290.9427309449966,27,28
2799.06258316524,1984.1356444015578,46,19
3197.8746025564733,2075.773183066375,11,19
534.4354459100496,2052.8491741929533,31,49
4118.333710448626,743.3448045752552,13,7
1935.9255079891846,3901.0731917693893,9,27
6740.058715705846,1027.023569049729,288,34
4685.693141580161,2022.2013453271845,17,45
611.5828419922498,439.0226157869359,3,12
4146.698488190305,1311.6750432658139,12,47
49944.33610131167,1457.4177301226302,23,24
19839.934254491494,792.1935110118045,23,1
3088.447004550245,345.44538559585754,12,46
871.026413481413,18776.124773231262,20,29
35324.31669869456,449.55143955907937,27,26
4948.607834124934,1298.0121088672865,4,16
828.2700752455215,401.94245536341697,21,31
57539.9112823679,1405.5680976884614,41,38
1089.7609971517486,9647.465705012419,16,14
175.38471485560027,1343.1965516957177,2,38
17282.667183138612,1162.0583592663588,6,49
15814.987576146,20162.77125153441,41,1
3259.5924539624307,2314.752709955393,11,34
14411.597804922272,4645.718390023385,7,22
367.16517180315907,452.5732612826119,38,46
3191.501745588483,1889.3717636758738,2,23
178.06793248933653,1629.6095981129731,14,48
2595.1851380550124,446.51490098095127,23,14
48080.56305873638,4394.117119691184,31,30
6312.911109341102,1378.2122187001391,2,7
1139.3919141431065,395.9094933700126,14,28
20378.943530740617,5182.317774285578,3,10
519.297563633127,1850.334540647193,33,46
599.672132249501,2824.9805026320455,31,8
368.80049149806194,461.6953471412064,25,48
10668.290543570472,18841.027701165538,10,42
6107.101019278895,6933.13377602954,33,48
3860.0080564747095,2522.7934422431863,16,22
2374.5966543172613,148.47903912033908,27,17
3365.34627831392,176.73390737964067,49,44
1693.3383002716246,6622.145807086985,26,43
2149.1537013491825,1084.420373638236,38,18
13443.229258321737,1537.1449080905993,49,23
2250.3714809889293,4513.6152390250845,22,13
2654.081695917724,1170.978180925246,11,12
2680.1267569953347,3722.2909266290158,37,38
1018.8927530955855,489.93563044552866,11,33
40454.51304225905,84.52820348756212,22,49
1957.908688490716,526.2573127760096,4,4
254.53122840588048,1217.516181457137,3,13
5643.249251848811,641.0542090314108,34,22
5156.4597433492545,4665.449195214257,6,38
5668.31341200211,820.88315531047,42,19
5659.427032825536,1544.5446551648558,24,4
10057.398440637053,1449.0947788460692,136,41
118.63966368844882,2144.3233234206145,38,44
3804.433801858368,15005.752177440627,40,16
13378.708106420438,62.81384818258877,3,23
2190.7455006640625,1480.0614368227848,11,17
805.6381873399021,3457.5647444814426,10,41
270.92918217500954,453.7221703055192,22,1
1790.3215744779984,325.9917643076635,3,41
572.5359814739334,1831.4090314628102,18,9
2445.942871761575,5477.9696898509,23,39
1060.6580200646677,1162.4969874625988,27,4
3844.9727462236506,163.64333332300453,42,35
108673.92782961695,168.27873521965032,64,25
469.5296254477143,4232.900841604266,46,19
6846.62386732636,865.6930426529274,11,2
1717.9451648072952,1823.051972082336,7,23
40957.06519215912,2243.458249838049,128,40
1737.4923768883127,322.00755100875773,9,24
656.5385576841829,1859.0971065119268,18,32
52540.067405109854,510.24306843564784,31,38
402.0176969194458,583.458831726778,6,3
1076.5290548377038,1116.0589160719078,10,46
559.9891948737051,1129.999513255027,12,41
455.33225180804203,1518.2201654176072,49,15
398.0198977578093,331.3058950174295,12,24
2219.2113474792254,5518.92434082481,16,13
2680.400573039268,1232.9704795018527,25,14
1401.683304618486,147.17527990815992,26,39
608.0883818211344,780.8399975280402,6,2
1000.9960300269836,388.4971357807893,25,15
677.6035994757028,4579.3488386114495,23,44
738.3739081548545,1171.4858773726078,2,42
3724.0976908852435,537.9708867632378,27,11
30840.068304565943,574.0327225579758,10,35
9111.50271973946,371.1601022173256,22,36
1544.427994444901,1770.1362891512981,11,40
33926.244285028384,356.8438701353606,30,47
162876.84216654478,1188.5751376096744,10,26
2098.5360231377726,6286.162448329616,3,14
1561.260997821055,102.66252685897693,11,45
7407.240933720097,1284.4936709774363,34,30
22220.05705688781,1040.4941070437542,27,21
284.33290769198516,818.526820211308,37,25
333.1215389612413,1181.9082258344201,31,12
11145.727221170355,1338.6179308718054,26,14
5566.436176114084,61.49947594044438,1,26
329624.9986796581,1060.8390897312217,232,12
2016.9358356810417,480.0997218200723,49,14
2333.3409901147033,18787.6575487592,12,46
148.85465730855788,3214.374016058144,26,20
1769.8843446126548,701.1608286926931,26,30
1379.7318844239624,113.40580437774531,17,33
138292.294519742,2090.726825690387,12,16
3444.9131345256483,2293.3842284770026,5,17
319.6957292497263,1406.5364289005834,10,45
29271.878986154155,5292.460081291519,25,17
20226.00348852029,378.7246984406452,16,26
71367.26063499111,286.7099582260719,26,8
226.4405982510681,1249.6497470134116,41,8
2296.73570106906,1400.2060379766292,49,49
5462.182098949261,5303.195700693719,18,25
1456.784096317871,913.1917585719921,18,9
63823.00029560859,8988.318623922483,19,38
2157.270111039177,1168.1352044301343,4,35
364848.6626137478,2351.717919536587,360,4
1026.2659945299242,2850.8428473156364,1,35
1426.1455362047914,272.71672905000463,26,5
3853.3320011078613,629.9743754769627,9,35
3885.9740683547166,4022.668093041104,44,45
2500.1563316921765,4746.573868704624,17,39
4163.963171877618,595.1885912647127,17,31
2660.396133092299,604.7249575496198,5,27
1264.494430524055,3942.69448893466,15,19
3411.507527619908,2798.3132202255365,24,48
694.7131983263356,3565.8226846314365,5,49
22656.36476896051,1715.7403573096337,40,12
4675.674540365601,5256.54338204879,18,21
24465.659221927155,6101.147214791138,6,24
640.2991107959334,449.91625900229366,32,25
1645.085238947001,4306.861709463872,16,21
3103.195109839844,2111.078055704529,7,34
315.76536740835735,1134.9838318813993,13,30
3341.0969179293797,5411.246712549574,12,35
1412.9911655002209,795.4891438380238,28,43
4537.483844511192,2260.7864471870744,43,40
10256.482447494249,6110.402808302505,29,21
3395.38167888158,4114.52941591239,15,25
4735.802973839921,2812.794260683614,20,9
106.21753248765485,1006.9778999934521,33,32
667.9959782558109,659.2325861482562,47,43
1927.4814810298587,3309.4560241267477,11,29
12450.136931946108,1027.3980179490559,14,11
1337.1525388003408,7744.086396071105,21,44
718.3929153547358,3627.5043956785817,29,18
1738.7153989042981,2617.018533618355,38,4
4633.7114951496815,969.6769028435565,27,14
320.11434828445914,2376.3626782636984,31,48
564.922191891533,1723.6717305631014,21,15
7966.395846382478,835.206946251245,36,24
2948.7987844471863,881.1850336486641,26,44
1240.679854723837,115.06935796637514,38,32
4837.206813800349,883.819268140255,26,41
38368.1936489048,4806.458289124552,46,19
54891.31711586629,417.1801991314157,47,40
1505.693089518567,751.9150982103996,20,41
1085.7701859298625,981.1603627232312,15,13
177.92636213034498,625.9281662504342,26,46
32094.445179312028,7048.595664667714,18,45
2409.0220154223093,387.48059524670026,45,13
26319.69715858892,1076.4785667914705,5,31
44412.53647731454,1113.262313806167,37,4
2010.0522860331032,3944.666606812387,22,30
4026.8333619496034,419.13261858613674,24,20
2640.0935352268943,12987.958775616597,8,34
3318.9644222301554,9549.786140284725,47,1
652.2002001118643,379.55256585255466,42,3
1646.0136195257444,1907.4374905566465,21,3
5658.033104713073,3050.888777272012,47,11
5918.949467017893,1273.6946639470823,41,10
29593.829802479464,1539.8445228713715,35,27
87.91524478996661,827.8153466797539,14,15
133.0026747879806,2379.9535391530976,27,9
291.673877026304,1003.9028865889919,38,3
2694.9359225857165,572.0812134852624,47,3
2217.7737632318476,1167.614906628292,16,26
1650.3167811322958,1515.1827389547047,40,38
138.0237638391175,959.0449180516003,1,33
5587.51951752922,1777.0574303577498,5,46
651.4326054592699,1571.8066567475207,6,18
189117.1183949645,13342.898006243371,88,44
2984.9035815940842,5358.308046579222,32,49
1990.070714536257,1368.70323479517,9,34
118.363074134346,5052.010782889531,44,21
24650.704120607086,1060.8229760330005,35,30
1009.2323849157309,1174.336153290909,42,7
4070.6698454838665,1615.5237765507518,10,15
13578.526655099813,59.88733024595049,34,27
1002.689189774488,293.3034083049133,29,49
3759.5281916244016,205.659791092841,25,21
2248.877919362805,177.2565142027939,25,16
1442.3816572923715,836.4874620887081,13,36
7639.500052661879,5718.990725428897,48,25
534.1192340656337,2073.959775226715,19,40
1891.4187447586455,2612.3319975810655,44,18
8519.431804565414,11615.436796912836,17,14
15372.336800336887,703.0055700790716,49,27
13927.412044914372,4903.163224626652,10,41
19447.39287510753,367.00462553247314,16,34
13199.52522029895,2615.42896600354,29,30
3397.5130044732296,161.14769456848558,22,43
995.6034908788837,672.5465344847037,33,24
677.480573740995,205.01820247456848,42,49
4010.471112736796,1692.5373715792832,18,10
28662.838186849032,3098.885417788846,46,9
7047.861611584582,2194.4592647091627,20,49
3301.891093687677,1351.3057297948326,38,9
142.74531931650068,822.8966370732403,11,27
31935.984560699268,113.18184014787434,72,18
970.1290074437758,788.2441152866303,15,8
1366.8639268126415,5747.21243912846,8,12
3141.7484006851723,2554.5033070995964,42,8
6201.745017817699,2235.6544651982886,11,43
422.54602295546664,694.5524477122636,36,27
22611.135667541155,322.1954265118925,22,24
16069.578866388134,525.338319457053,48,15
187.10343131022015,13588.47184756481,39,18
810.4321292694327,588.8036086557698,24,33
54915.37334294393,3017.4469024083487,112,3
876.2018800134488,724.3338781891622,32,39
3827.7133279496666,296.01060913447384,49,32
2759.8694478414004,10280.171121775835,2,36
3900.885716747488,5203.609156347556,46,47
4753.1703013811975,2300.475466326632,30,48
3375.7008724472503,5625.239039280206,18,29
4142.021417118011,6826.646836034278,15,30
4844.131373355392,1701.8662218713798,11,20
2179.5164751264174,2023.4128989327312,9,40
18808.50179386322,1045.9875781925864,15,49
7528.800499742697,845.6892249932391,21,40
1627.493734106063,1000.0062984530961,19,1
6248.646519879868,11798.382741162664,21,45
1432.2526556929542,101.13010193270605,25,47
126443.8854113872,390.68946308946875,46,20
7555.845345151911,598.1177979827922,30,21
9537.14502620673,2355.4291326154503,24,11
2343.4452128454996,143.6458188535954,46,28
1772.7425479721173,16668.586824238966,31,25
72813.3305533764,180.0558156348099,8,46
3852.11875543572,4036.3957169716878,18,34
6363.116127739401,2589.7033466990424,25,21
9717.677659047538,441.838413732657,30,29
1854.1053324133347,154.83346768364768,40,34
1342.7590452749391,5794.74629238239,42,38
1205.9829926457292,21556.58195045078,31,19
4082.3682906321837,412.52676410885726,28,19
7948.563458082246,334.8692194410969,28,12
2020.8357526060852,3359.443547426652,1,45
8765.91345883223,50.92846921422672,20,18
1868.056400858821,4437.315543930929,47,13
10497.933217676511,2060.9486512748795,14,40
7084.0900452178,694.6208946651769,39,20
10444.43002593826,10286.460187000306,32,33
1580.4626808018484,921.9548375751466,1,34
22142.867121070653,1939.1795125248009,19,26
3204.804314123179,303.6290815232819,31,25
3343.418770821677,192.30936972489457,48,9
15000.767315391035,1811.0103478609528,39,39
5017.404747960067,2225.7742465193237,18,46
1798.8405346988882,621.7917718405096,25,49
1642.420677707317,655.8059512809779,47,44
16513.92709107444,1080.2232104037234,45,39
2581.943934890579,190.86965601356493,9,32
3701.772069989109,2013.3347704775636,11,4
745.9035944137541,831.6947015046162,49,34
4275.998648339936,1032.424920348291,18,30
301.7128051889421,2799.90571470019,31,41
2365.333689676969,1837.5839723888064,27,36
54984.32896363319,9076.208039714189,112,25
297.93489990281887,410.6968979506689,11,16
574.9033415356838,217.10990325825645,40,48
777.4869457372363,2549.3084317148396,6,34
5072.085866555721,1982.233199908392,42,40
4922.025509131726,344.0467241151717,40,7
5728.141975280304,243.47116484894698,29,37
3499.798055274187,1839.2507424831285,34,3
4009.63676356245,626.2075476010962,36,42
1165.3714513975438,967.132395581668,48,48
555.7846523858741,574.7345821114761,47,1
600.9433613222681,3623.3149053005773,11,9
262.94932264523425,943.8855227364985,37,39
7074.793465054535,213.69487260317285,22,3
56628.94456732203,138.74889980102674,3,9
14807.629623323008,3256.1301210568836,18,6
7697.905380612036,76.95495617708569,25,39
877.493770463881,1979.4038561422801,46,19
6946.4742424087735,7270.229846272746,38,45
30483.78549142864,828.3197193337531,38,26
2926.9354554371107,277.2629173523753,17,36
1145.9788888334183,3144.1550430693724,6,22
7467.606541276422,17011.760310277943,34,33
1236.1583697766985,274.6145000735784,35,36
58.35028012388041,3052.4713430671422,24,10
2883.1741596790644,1136.7047319784886,33,23
4075.214468395787,75.62150804426723,30,17
1393.5088477962204,767.0635825949267,42,11
596.0669211384169,831.2502749864012,4,6
1557.1065301494443,1474.683748398893,17,40
123.9350277484666,6308.994398535941,21,20
977.1306418207533,3320.9142023279783,43,28
813.231129942269,313.80113310567174,30,11
3952.3005409892708,697.5079060358039,12,12
13445.387489296216,1097.1490198105055,43,49
49.91227911494153,4276.830750825354,3,45
914.034791037466,1439.313343117129,28,3
5031.7551301586345,275.4156632839587,2,5
892.3944882311472,1510.5518824505004,37,19
21415.643927727662,1799.8459545893672,25,44
2102.077579352626,1034.9506846305926,29,8
151238.66869560184,2523.323004628423,15,46
6929.635302867749,17247.27447493361,22,8
31074.767278780077,4220.50375157868,3,48
320.97644170421313,174.6688596035464,15,14
57580.26921239829,1167.0773249290085,224,16
5231.145353671975,1890.962811679285,34,33
4362.737866571533,5400.217831802455,6,45
6778.89052553502,131.61061412228293,12,41
1565.7500913066538,1615.1235496179602,27,7
733.1286719997329,321.04229061257087,14,32
1283.7065080671641,439.1267651322904,23,43
323.96304297663164,680.2566118905805,43,45
151.76519104998033,2904.957447320833,24,5
4258.825716620547,431.42912681717684,41,13
3043.913729951957,2488.318474663855,7,41
3543.8886724267136,2001.9914388882098,23,38
863.1776081912022,130.3723462774295,12,6
2187.6212412773593,2882.1069196252274,29,41
4264.817277242081,2634.2559113229163,46,30
3188.587838161344,236.48832878708419,42,9
15223.064010735287,867.9375244749874,3,34
8562.638088577476,1434.4137215305714,19,20
5938.062852287662,2563.1484160733767,22,19
3288.89415506501,3558.578074462751,30,40
3334.3057312668393,417.8605752751631,22,11
1260.0643681327547,119.44557773140299,30,2
2176.465425914586,256.9535636921224,31,10
382.21474439101155,165.51004173551348,18,12
14652.026981443392,464.0200688301195,15,11
9045.478234503982,1741.9378894236513,6,7
62646.015674012044,1358.8325782524587,41,2
3751.0811105592975,337.5434255311074,18,24
2751.3965627505913,3217.0707529997676,47,47
2039.2447723697271,1702.790082780473,21,34
4223.045721581974,2106.2567700996588,15,23
202.22694846519533,599.6216862125865,1,43
7869.245121990817,276.03934059266237,34,49
1589.705505199909,179.86197302102033,2,7
404.6700941469083,1176.935373987247,23,19
355.23593386833164,785.2380207292299,41,40
3488.993729490479,4812.768427642924,240,11
430.19141558725624,3267.6386358956506,20,45
553.3810092516156,503.4359474224424,49,43
2154.9068717724363,1026.8452077799113,46,4
103385.82880454726,674.8380012011457,36,31
5802.683030025291,3687.297232237798,10,23
6032.760734936264,591.3465846687933,22,37
448.00291108771887,5294.325916316052,32,47
2909.4889678889776,162.1052592769011,7,22
2324.556659429684,5273.932064270657,5,16
3967.7728604193017,4742.35926822063,28,20
2618.067354915002,172.74513469089777,32,41
3801.0686052126202,564.3516236405453,39,15
628.3088922164709,2241.215188616728,8,49
207.07070768691912,4563.446241284596,30,35
2037.7621162503438,522.6357110364744,28,5
6033.966111933083,1171.937510026974,47,29
2321.4777187263367,686.611500918497,38,42
1885.8023391046602,1905.6679778400637,6,33
877.4244947798323,297.59704641504874,20,45
34196.55294777031,648.3444528443805,43,42
28284.93856672249,154.21943654734986,21,42
6744.734845256731,569.4867871014956,26,15
2126.349396556379,387.80672267792954,36,47
1171.298211558381,1374.757446998783,37,46
16281.934330848722,1138.7020891118568,14,2
15106.464796304046,1183.3988091188805,19,2
1491.421722201742,1836.6620852955102,36,20
885.3505538434257,756.7633312799588,39,5
5687.4457140710165,4717.722666110801,38,25
2028.41773742838,2986.051084544881,8,6
1690.4533152877182,2234.372366421775,1,29
47451.40149460741,2753.409047803774,56,29
1243.2335595334814,5145.865914161354,11,28
131.03317118539903,3978.2663976141416,26,45
377.3660965700481,1004.2807374746666,43,4
2256.6365844096917,480.47840269178994,23,31
7936.950758109993,1095.359709013477,43,38
989.5621277030006,519.5340178260965,13,21
9845.880557872622,914.5979169408392,10,33
7669.570337247112,5321.397416084174,23,26
6793.957150793978,284.5609467866821,7,30
659.1098383653067,121.46423743946166,25,15
1568.4969118081165,8259.129383637424,34,10
408.99945315663905,1004.8923084772019,14,45
226.3779922236335,8556.662174015048,17,34
4084.945634632174,696.9667107190081,14,38
2778.5325749614526,441.98507792562964,5,7
12101.842042639602,1133.7785154667745,30,47
4567.549420395411,3632.8508970967346,39,30
1410.6186303576453,1301.4467945242757,42,12
163.20116548322025,145.53001905908445,1,1
7895.45172664152,362.140801529535,14,13
1638.3384195389274,1631.110502386914,10,28
23524.233862159224,3951.1334589340727,49,34
3841.0486820039664,2654.6343938952405,48,11
317.5472133492173,355.4099898592445,6,5
1360.6596439062062,480.62726426839555,7,6
49.098093560466914,662.3125235483357,12,6
1744.3034672908568,1400.1724605181641,38,41
8828.07140044189,308.4559805014264,20,42
166879.4581833785,1088.7608471943413,18,42
919.4849689057752,2299.231382640343,14,13
4108.005521575187,381.4805985105483,36,35
5110.107682078032,2471.894602988238,19,1
1494.720548040181,554.335587528533,13,24
9148.928961477859,918.987245739624,36,8
10185.485760680647,12650.985813812533,18,3
9069.440963645733,335.82762572698323,26,3
26606.24711914333,232.35511715563584,7,43
6519.718585411002,6763.640774522884,24,25
990.1167491120252,1975.796421639662,4,33
1052.0939390180495,1111.7158694929133,48,26
3533.8331877422747,1106.7520877515497,9,11
37899.00846543922,413.5592064460779,38,27
8346.106066117985,588.3859240411321,18,12
533.0360589247985,2195.915577619716,34,13
2661.0901381599047,591.476739966083,11,40
425.3500129503662,893.8766623966803,16,12
2979.611137967311,1016.6463139651601,20,21
3050.3450577483263,395.8603322670593,45,21
956.8007451396423,3573.0989234467825,43,9
2281.7688472009727,27213.517683194965,49,35
5414.044741841556,540.1607847575526,36,14
475.95621238476383,114.6199696024506,22,26
8342.53281800053,1406.8650552109195,31,3
4527.747246002,701.0017858423,2,30
46363.406781963866,2232.5713252610108,18,27
92.16752982163304,361.3936919270773,40,10
30865.265138578045,345.88364202698375,43,6
2637.430639426555,850.099318177301,7,36
30269.352308409285,7850.57845989033,36,40
1719.204683327906,3260.353235330459,5,22
1337.5549284596227,2482.595708826594,37,17
149.30643843495258,2024.720150312808,23,6
870.2653246203328,12273.716226355587,15,44
4095.0214967658653,857.5722058255742,42,11
4380.01765955513,490.4189328786025,25,30
831.3639469160646,1916.8504156974957,30,44
17990.30250021945,5556.145905322802,40,6
1883.641268761637,373.56220618783146,23,23
72725.82393888626,19545.135793106987,21,23
5567.328027212991,136.79400474920288,32,16
3782.824982828129,2936.7602964839793,22,41
9492.059577005932,6171.676802283609,32,49
43763.986720200075,580.6342206471934,49,40
26527.727329788333,615.1528482473168,36,21
288420.8426386933,965.8026319454856,96,29
3900.479155972105,499.0717900633724,25,25
1633.6022149269372,7007.66612916965,37,40
1037.6374813594955,2161.173851620964,33,48
9615.478742427153,3541.7868808205462,11,3
1921.4973449509896,1741.479432700395,21,26
3727.875123676997,1484.5171515088011,27,27
5930.234747044482,2549.3000944329747,29,22
41468.26722622735,6913.273474550604,3,31
137349.64957567232,1000.1581307895059,20,8
836.087219156784,580.1151941865193,45,38
8629.644278627326,1347.088895699268,12,27
376.39206658178574,2212.260855385362,18,17
1093.9583165259003,171.2932492629516,34,29
480.1349520151064,1307.1807377881946,45,28
5828.311128794009,2075.932103805289,18,11
822.9992988016662,11035.147509973447,39,26
50353.53897605759,1991.1705152756006,352,16
1882.9455163516827,207.97408092292386,28,28
19703.46316796181,624.076856641121,46,47
34922.26580755351,13461.260898734186,39,45
848.5652546348256,264.1392654826139,39,42
5728.400884432996,233.2175302104976,7,37
19602.511993194334,3322.2687299074587,17,8
1209.9739203932932,915.4204551603738,33,21
5994.7390353753035,788.246428626704,10,34
186.24787023644674,459.9096727043072,23,21
350253.2299800145,12553.94597283788,29,43
2304.9140803799046,1657.5248533015958,21,36
393.9723152253477,618.9913056531734,30,1
4774.995154931048,1364.9757101748655,28,35
1042.982039383984,4424.5482490593895,13,27
2407.503059738399,843.3350585087238,19,19
3601.6919351744305,2477.1046661828373,49,25
55172.003588918575,2267.2217631383846,56,25
5164.708399622408,1582.152404985355,19,4
1766.5757902703338,2123.4840214972387,31,45
1322.2738592412632,241.0430663424491,8,30
3921.8627749606767,219.37976087428703,11,11
32359.382027540203,1431.7426219073357,46,19
24173.223055775186,2322.572204092373,21,6
2664.76820180564,7911.694321503495,11,19
2296.00815257249,1171.147066470816,18,10
18888.163818891622,1745.6289323248084,33,47
7910.5129552998715,898.271688539925,35,30
1459.5315250387198,410.9235674825948,28,46
2503.023811642157,3165.072532314994,12,38
3140.4331075460727,216.91557104838552,38,40
255878.58046220648,542.272111962959,232,42
1678.9207478064961,849.3402675064923,46,34
7731.077196567745,664.8310402280312,21,6
2930.683189732532,672.2870280361744,10,33
10146.35953512677,2838.633389335168,15,5
5037.60531809024,1647.903306817326,3,24
1030.3134833248614,1158.1777662296606,11,36
5437.985924648339,780.7421318718472,30,1
5063.563338163426,115.78821875579249,17,25
5084.815173397892,6536.185971368013,8,30
9941.638813417607,2827.4118176910492,25,26
3410.525790554752,677.5688399097976,43,17
7281.627607874368,326.71760655220606,37,36
9916.787869953127,5839.895562603943,45,14
1372.6315975602845,818.1033815072157,33,39
4201.526173860172,149.33606875577388,43,5
228.37770131975233,22900.737301436246,3,5
3892.388564670544,6885.656653280733,9,17
1160.76121302076,3304.704301564648,35,18
4771.181552394974,1070.5271237737797,9,3
1307.0582548739612,5191.6138679263895,35,27
553.3666210230098,476.0659430487828,12,15
1830.1704255925288,385.24659120376447,43,12
1863.0116812495962,631.2626362201514,47,42
1590.6366977408236,4097.158735370274,31,26
32292.675957583826,1035.9316805920153,23,12
11426.410931753626,809.3591754977584,14,15
10566.490108874646,589.3754969434526,25,9
26984.526313707338,974.7369969252392,28,2
9682.040064184932,1198.2803727201897,31,8
4303.446027021447,3310.118299335092,33,44
875.8277957046415,6126.826976679043,3,46
1233.7503322703626,988.4790614278376,44,14
4261.6035289491065,1114.5595201323188,13,27
5237.7813535079495,437.8692497255865,37,11
291.9528412548601,1989.711862165685,14,3
85845.13739182288,1588.1084098101765,21,40
909.7990171884574,473.68488516214575,26,43
577.1591256387239,251.55555854364698,35,12
4646.800459963358,139.9625777241887,3,17
1866.793897856758,2089.470957423939,10,20
13053.852964316766,1018.4953441026805,22,20
7085.3727504774815,949.3928488055395,47,31
3969.0251709873733,5099.244359910826,49,28
2828.1396854548043,596.1959216462302,21,44
2613.376664200701,2095.4072413457443,45,7
12519.34488005709,341.03891315366866,49,10
10427.273173818814,2139.0161107044373,45,43
943.9489818678638,402.89460367210995,29,26
9731.489929992484,2644.992379691903,39,17
188.7784597453504,789.964506882313,43,9
85559.93259630784,934.5731329928225,24,23
3801.2572005760953,274.9400051267212,33,37
9544.652668894276,629.9243350013868,33,5
1617.8760073779977,3672.3473362898444,6,39
1499.5761580186381,1746.7977204379456,44,18
3090.4255327319124,957.3638510442785,6,8
2471.1099735470266,187.1397959074144,39,3
29717.057666564917,196.61214077247627,27,7
268.8260397899675,2803.339140408163,37,30
1313.8527692110972,2060.0707096650026,39,14
9561.577948681448,2552.6449463374156,31,40
29810.49310256313,712.5770257939427,184,17
373.93294442272145,2538.5389125659212,11,12
39112.77541986132,5865.370267520523,22,31
4577.782524795101,5360.655006747601,6,24
794.752971224601,1546.7758129177441,40,16
300.18925581127104,181.92888816048077,18,31
5223.283338292415,7284.652418871251,26,30
259.08134643124566,455.37455248761734,29,44
628.7943124950575,681.0052446673234,46,38
94.88557593037898,362.1619164583036,24,8
24677.663957679288,315.9070413544338,9,47
9530.432090434606,175.37853677468595,7,43
14256.55357651217,1334.9350105066505,6,1
15347.809854941488,886.6123483272985,23,4
764.2029732989118,328.14363076982767,36,49
3125.717335593943,959.6413904729962,47,2
176.7103209415739,3149.4987358167355,5,21
1016.7264557960115,623.2915937393016,1,23
6177.676177725629,1479.3521697329898,46,4
1030.063659604155,12353.35633569887,16,44
6581.337225685054,1375.3617456285226,9,1
1340.4636392813113,13.330560779386225,47,10
1938.391767958303,721.2269580230728,33,6
8007.200611066784,527.1789248364578,18,7
1164.5459260098207,693.3959769577957,23,25
290.82030682152515,126.35234851991103,12,43
9747.596669112205,1845.9647267526905,8,14
7110.989078307914,1454.0601554252048,33,45
478.88953835915135,2119.7999263018983,21,36
4184.467324664749,4607.861371419964,8,25
2902.3915597195846,686.1855566658211,38,45
3368.0616100158504,143.9957440477567,33,5
11997.881425050682,3230.704124514801,49,6
15861.850452911109,394.6496839473348,8,11
849.7640314831496,1658.2499994096197,1,35
1438.7065480415195,784.0053330527874,6,18
342.69011537049875,4224.613445501819,32,19
376.98135917804996,2251.868103210203,18,33
9456.287121658857,7929.681524555654,26,23
1396.1315606798955,420.92996832238583,29,37
15214.757792780463,805.7918382570124,35,25
116.65288630703583,2134.472906498819,11,16
688.0673619698024,2369.7066855927105,39,33
20449.76480761654,2409.114695418718,49,39
6262.343829090512,266.07111837431717,36,38
217.698161772626,393.67576676497896,4,21
3782.1948875887374,3306.655290767994,19,21
7562.593193026466,344.77467229671583,49,48
15939.60934661302,183.26227026135703,40,49
438.1236536194663,3097.225168815997,25,5
3062.6454611749864,811.8704097213774,25,20
433.9367892690271,985.3660905429249,20,49
39956.28650801767,4767.697025185687,288,46
48336.170006253284,5421.528919949302,32,37
143.7139457085151,908.1639304231446,7,42
5356.648028243765,253.20305540766816,18,44
8405.647170352579,606.6736434597399,26,11
26125.56063599511,442.71990042514545,49,11
7621.918810964608,773.264636173762,19,12
17584.072076518958,2818.477185673073,43,12
1206.2078079018468,1348.03507203914,44,43
3228.7497621027096,938.4948261956064,25,8
646535.5526955553,4220.236375263227,136,48
6094.550281109349,797.1411812955058,1,28
109296.88854047298,1646.983791197609,25,15
2747.0599061728935,360.04109629124747,5,8
1830.914339547418,936.2092422315391,29,41
15322.514309555347,145.98301712312252,20,20
6123.393273473941,1950.393559023028,1,45
627.8518415065661,2422.361672112443,16,40
1210939.360874466,4285.585886277628,248,47
24064.44965133726,5821.7474004756805,39,28
1172.612414613331,3488.5550346927644,11,6
1610.0374018936984,2107.614571329038,6,24
4695.570048988054,207.96233322453375,38,36
2156.2601247877674,1244.463842987745,29,29
931.1354029318702,407.1897120923662,7,48
57499.681675226486,437.1651017356797,15,20
325.90271263651783,1032.0451155632495,42,35
8284.715740040598,34.77601165412418,28,22
18497.216289937238,3480.755380487005,11,3
758.3356257940751,950.1184658542271,23,13
13509.697514310525,242.89589854178908,2,28
2246.8945270316935,376.65051625950105,44,32
6953.669740510271,1385.3090689763587,7,42
3438.6371123063636,473.38019623757384,2,46
640.342064474672,7953.840731551695,45,22
6122.539342260489,481.007429201528,32,42
508.1224883059085,1179.1730506640515,15,22
4595.046437905025,162.48311936793837,33,15
585.5306097370037,774.931917720613,11,9
3977.275503940345,3624.8240509221655,24,10
707.1935931691728,345.7493371561717,33,1
1738.5341209122114,4037.527336867523,16,43
3033004.290502122,348.4934943414591,128,9
213.4933000454772,311.95239154880466,3,45
1074.7245009300918,3211.5672998750556,20,3
459.09736595160877,947.6959143950827,43,22
674.2727436297137,2652.163795542076,26,19
15341.568010343319,42020.90043143164,22,43
25090.20570996264,3932.793984058077,2,20
29058.519309544266,747.8980275084248,1,4
12271.975577663723,329.96140289736076,2,16
2450.113110039515,1765.418008284261,39,20
8444.14533004546,1937.722214299895,29,8
743.1032984485876,664.5127379276668,24,6
4943.48800034795,9372.2466326542,24,19
17078.56266222633,359.12637994968566,6,14
1366.750335008318,374.736768630504,22,20
4938.0765035620225,620.2054682018594,24,40
19326.124058125493,488.73884215295783,5,46
270.45253494057374,508.69169110740216,25,40
78172.07752500895,836.9624084538702,19,33
1693.9844772435385,408.07036198340523,7,42
5321.662955484321,4250.692483102033,38,17
21443.98296044667,287.8743099263581,34,13
764.6810037498727,574.6627727281485,2,34
7308.560433915499,1232.4704736343458,13,2
734.6432045097403,1923.1623363073716,48,43
3011.188331125567,363.5275865961759,28,49
1561.8901618468728,1368.9312642551834,21,42
2700.99444732943,2244.8395804503734,18,32
136.81253141651717,4110.390925160769,2,46
9640.125869071015,1029.081522229033,37,44
943.0129918002397,1317.5870758905198,20,22
46476.94272691467,2066.981814511298,49,24
2488.735225827655,1518.7543676779728,49,14
1035.8648435335315,1245.0932917694581,47,26
4220.749680242945,2370.738112772264,21,27
1524.630664533253,10903.406829857082,30,49
6512.615125102024,4307.425961858136,5,29
1823.995845444975,754.6669502020701,2,18
4719.0898103487425,174.93859459270686,43,11
13747.239573625227,24100.911608567203,29,6
9980.2393883438,159.96375390443646,22,24
3944.5279364254657,723.1296179624967,37,2
109.33688377627053,174.21324915858366,5,14
421763.635459206,1118.201363286388,344,45
6497.6636384044505,943.5793561042594,15,13
41488.875061582956,475.60592382438705,13,10
517.2065595842774,14236.55167738787,31,31
2308.9633387883737,1688.832048555133,21,5
197.69771902052642,756.0022902742015,19,16
21389.68776677159,15696.2750978791,27,42
11915.875559173015,380.3057721329777,3,18
14464.277020794698,432.4890073228841,35,1
1605.8941353374598,495.4632502208963,7,35
263.5621523107508,1225.156284073661,33,26
397.63704174197795,2418.610835951216,40,20
13949.392693861384,3939.55707610913,28,2
35995.75751110166,1154.0628866698244,44,45
19972.49412832553,4280.74809976166,39,24
5370.558855175952,5067.843712582438,18,25
25382.76369186143,7979.942716454459,240,13
2689.8403424653284,452.8874801727763,45,26
7957.606786479372,795.438518323455,27,10
461.1359917867463,1079.43110426941,15,41
80797.39335307815,2365.7478179903246,31,36
3828.7202423397885,1896.6709937052356,1,24
596.4752231096353,141.90111254457116,30,28
300.3450815017426,1145.9708863528028,23,25
800.8372362040458,1805.772746766294,15,11
2233.4609806571198,539.4975338087163,18,48
674.6098709021749,4466.707692960074,22,19
1175.8768224979385,1432.0084271342816,21,4
1356.3912875519734,494.68618917733875,34,31
1375.8197748639695,3108.912672182105,20,43
839.6819853173355,1685.5966108375544,3,45
2468.212510050117,8871.984580498658,21,45
5141.297831551193,4662.071658015197,33,1
5859.350519789883,4876.726689260241,49,4
1139.3113333705514,3166.3200937065494,38,20
19227.81876516751,1916.6238241661292,15,6
1986.580217312971,216.03197927204295,42,36
4669.299653763049,1169.0830857056674,16,24
1195.955039936246,782.8751682001783,24,17
7114.222694470124,696.1094798013004,10,31
3908.39370570134,205.29215548190874,49,29
477509.2054758444,6273.203225445146,376,46
16504.380638330007,226.7365399888162,32,49
1239.067901708283,3975.616059975797,1,10
273.3355781357432,692.2427179398503,27,45
1872.76118448648,4493.097460780771,34,17
519.6950937436131,466.0355075209671,49,45
668.8404995478511,80.72932564511252,14,46
8689.976636576279,223.2500331982854,46,14
6734.785744036434,1169.1171405784744,38,1
3024.235347663467,875.1850577099136,1,45
1167.2797539001715,24536.15883969298,5,17
333.18495169814986,5162.337762156514,16,34
28.89207060440404,8118.899922911661,45,40
2375.8996056267324,15312.15330185221,49,36
10194.22209760993,5262.070675807121,13,11
4839.395931580958,1468.9173048740731,34,30
5689.824343322729,191.2554388328705,38,46
656.410993117929,1452.6092912704328,14,46
3288.656657598037,2013.7057747625097,26,37
6243.278964024245,649.5231859902862,3,2
664.9794078047897,675.4932520304603,34,2
4071.241380995002,309.8439622977124,8,31
416.31963847091424,6635.034029012973,37,43
2152.1869758369544,579.051961414495,2,44
11697.176912289597,4180.583108501298,19,12
620.9186458872226,882.3454011698058,10,18
150.8045887235845,983.8866785409009,4,20
10189.247402588977,511.5574119868113,8,31
434.9348371719688,4079.1271916281403,26,47
7876.301011541008,436.2359244825151,17,13
164512.00894263794,15823.047502005098,6,17
1660.460180729463,1761.1384891461905,13,22
30426.132161543992,233.91121408683878,32,11
1807.1394264034575,189.2907409365436,39,6
4901.194223398746,1246.9377152861064,10,32
615.4412118025897,171.79646012691552,27,4
1915.999045138323,759.0061958283841,28,2
476.6517703225228,5332.258743651689,1,43
218028.069042251,1718.4483258182413,328,5
354.841821628949,647.6126447332268,24,23
55.37010880110965,11959.304758405171,19,8
291.97384566147537,619.883841169308,14,6
570.243302054207,1096.2332214177347,18,27
14065.627250909503,2328.5029654506416,5,29
325.0298040303617,303.8211363730111,2,45
4997.696744999826,575.4385387334959,14,32
20304.30870608808,1887.0191836022432,264,47
1802.8912645615692,220.53820389146782,23,27
579.3582852941646,318.3717383073301,36,15
14766.596276568334,212.59218018656497,36,42
17320.81490743497,99.78141736950704,11,33
1650.2014897380172,170.22742062868187,37,32
844.7940683280093,205.54527265375583,31,5
36044.89864811999,2971.2457734839563,31,15
24109.683813011317,1953.728659509811,29,10
4837.17284706917,1406.7333593408603,21,38
404.1713219934214,3204.183220394703,12,7
7166.354173015352,1196.3442148670813,20,35
1055.56856594593,1625.7279024243649,44,8
1144.815188439415,3404.583068940392,2,49
10303.726034558164,743.7141957345665,37,12
10387.45496472478,3568.3547451960053,19,21
3800.8870586322123,2387.588760543082,42,46
2257.988652817708,351.4065925813037,29,46
613.0604004201131,486.8418532841327,25,46
15444.43544129481,3093.7659806834104,43,41
14338.673951927101,1337.2343028207208,45,9
50538.79225139782,2153.5929912219767,24,35
3130.126872004242,2209.682222186338,42,22
10482.304548562075,528.8412824229246,7,29
1831.7611122420635,5707.556677371957,28,6
507.6582759282379,2093.1554175215233,19,49
121661.02566229834,317.68610910881034,176,35
4584.67275737313,2726.0846936161383,14,32
5673.877679745882,914.0536315314397,46,44
4322.4930584891135,500.3904437532013,46,45
535.0731824279261,207.1749855262113,48,2
15503.750658170919,2034.6136444841409,36,29
1395.2079990693794,993.2505874339153,14,26
1844.058589372561,715.5507668878715,3,22
1172.0268037191763,60.79827722077285,3,3
4827.179935524854,891.5218759752563,48,12
2086.632345253021,2395.215071235672,9,8
46381.863423492156,3984.7037552294996,10,31
11881.443510810992,883.079826450574,6,14
31578.283700359534,571.497353677649,44,3
23264.86531787922,11908.488593551105,16,3
13129.104274347796,2542.610870423044,41,1
7999.346859857891,499.0385865412987,8,42
3867.289162722125,872.5345705390962,10,37
6293.004159832001,194.31376433921207,32,8
11833.937252523596,7926.943728637354,28,23
2710.4933126223077,484.8417348001516,39,48
927.8306571363078,1163.7852358365865,15,35
376.8083653186337,1343.1133379283735,2,30
79284.07369291726,390.9430137073179,264,16
247.49748320332802,1255.9445899095165,44,13
69056.17954074463,1255.094097156473,104,20
29086.855320376384,922.1102475131845,43,12
1389.0681628782595,283.6562402521607,34,36
7915.790040020227,18198.19589218822,13,30
2635.282610034515,1945.3290264617283,25,37
8144.352249887902,4617.718898373222,45,21
962.0884580477106,2659.358717013785,46,41
11829.816329930984,198.5946123891441,22,14
165395.49496990128,1020.5488859399558,392,18
3113.994636186222,2336.6027146279625,25,31
3800.0773694191253,3200.2333510301823,39,19
8294.809304304124,35.63370090935311,12,22
39207.155220957095,509.1433878267908,112,19
299.68041965618374,259.6811016656568,41,32
3813.772816713908,3095.3972681653654,23,18
7844.301508521524,755.5653548889373,30,25
1029.2584754837033,1387.6794075065013,16,23
6381.421794745869,2108.061085688645,10,9
3089.467355218259,3432.5459128004236,30,47
946.6789920287489,574.2668399646784,21,32
19727.528590823273,201.7473075086445,39,20
10587.169125643357,681.7578997852025,26,40
4222.462910528887,979.4828776895589,23,5
322.0932740045785,531.667579347325,35,33
42749.15567555305,9071.259485996346,11,4
7914.352093211377,3174.6403434085505,22,31
459.9571581514933,2166.53078699561,6,37
419.654816072745,552.6655786694305,14,12
3694.17239425926,3955.2368549143835,1,14
32215.13416238456,766.2407625101692,4,21
690.581427213835,1093.197734998882,14,20
566.0499157294068,204.0358533625279,19,31
572.7078188462391,2805.7543737000833,44,46
3813.9248634347136,1465.293120876884,42,9
1328.1276597071624,3752.00340176852,2,5
8822.364971897046,552.3173497397034,8,42
517.3187834341604,11253.985955735134,7,17
1127.1677491387193,1213.850356380592,30,37
744.2292814632198,284.4241547405755,49,39
791.8731464528934,522.4504450169712,31,36
1692.829608264778,349.2520529817052,42,25
5161148.213759997,628.1347751512811,112,13
6513.729379604118,621.6521999586595,22,41
5572.077559786003,6582.864132793168,31,32
2539.741801720495,403.71685829948666,20,35
10254.708826761225,451.6086088196975,49,20
3715.7585394138423,453.8918095061589,33,37
3810.192208101556,638.4464831503321,14,43
1484.7725208049785,6160.586315629532,18,26
25557.574428315213,1310.0228803999828,49,44
388316.15088689857,918.6156864318683,384,9
170.79039000821118,1519.6952820586523,44,48
33309.50962630783,1800.5537118823197,39,13
230.66222229882632,4569.961040729107,46,2
459.123666331437,2788.9704542982968,27,1
373.8190279509007,8460.786240501182,2,41
59473.33870566594,2759.3611707425534,36,25
492.3060884868598,1004.1101347472065,33,25
5550.6592966328735,11929.597068685827,15,28
958.4835559373605,2479.34411217696,24,42
417.31911504515585,1811.9058588204207,46,49
2331.9476045049264,2037.9800832016258,41,49
240.08863184903973,570.3134889467208,43,47
360.81813505663354,1590.2102938822593,44,41
16400.99535014195,636.5098635748719,29,36
1211.7560595535995,3243.7935022160796,16,25
147.0033615355314,100.44135883099818,19,2
3660.2105582025097,252.04465619353195,40,48
1567.6103813915186,4583.177209282141,21,29
2806.0341758646478,206.230075537268,20,10
6030.1685338378475,154.50542443379751,43,11
2224.302655843217,397.1851036831438,5,30
64413.670967409176,7344.321953940051,12,18
541.2204949280243,1547.204030349842,20,15
10571.56541181439,13863.060401460898,28,6
678.2904970631308,425.8205331765319,32,41
1570.1706045896826,880.9030516366697,43,18
6113.946209511188,850.2912513251231,37,17
21256.17936354296,472.61682409489043,21,41
980.1088788720622,5308.0457816830085,2,42
305.0314975020234,1327.3922524218701,3,2
2549.142306523647,103.27242037922412,45,31
3400.0898208590506,893.3889722217945,10,5
297.4871186508317,580.1175338234912,7,7
20644.664870753037,1606.3671718950368,216,35
21062.811047784955,610.7189772282868,26,31
5599.694712770569,1139.1144844907592,36,30
7393.04433581612,2760.3150745462844,20,48
3367.2422205497032,816.3564780410583,20,47
18178.85714421768,296.70966107008115,5,3
2957.1242947276282,264.245030844829,13,1
244.86229494729469,309.8049053722996,11,46
381.4946946508946,508.0050954407698,32,11
5903.568688309834,675.5771254541294,24,4
8467.583123659273,106.74363539319887,37,16
14080.831674950421,3607.841504068201,40,28
28438.935942722677,5204.743629193736,47,13
2224.2109671788667,640.7428473378828,6,29
5112.260076101547,4535.15217358271,22,46
137.73095843724818,674.0244500005504,3,36
43941.0864262389,1260.2533664868702,43,15
5991.379433608195,3935.5500479778616,38,14
586.3729124793184,921.0437312052727,24,37
3483.064849351283,2342.9903419720267,32,23
1430.3995649467995,1574.047906090116,13,45
1174.259925122786,826.3765416122396,6,36
1113.114999395224,1885.0498145768902,44,9
1388.875746111738,7651.453695603774,18,18
160.86955748154807,786.1397613024001,9,21
11994.425061261723,16893.799104352896,28,26
4725.259491750029,3096.477270901153,36,47
14952.41102208665,4356.447955088546,31,14
5505.779486772352,2908.50440983064,17,15
3373.8751431443925,943.1415378507778,6,7
19999.861299701217,1725.7481865777522,31,7
1994.9497090694201,1413.508999565468,41,27
4833.048092528099,2037.1579108789833,42,25
1252.4151867205594,312.5871145889907,46,5
59089.659347483495,1731.9508297479517,3,42
19.41124105532481,3163.6471960223125,9,19
884.9102853006393,2344.8834856032736,19,46
68.83936060331166,1297.9632903294805,45,44
651.3738533892669,1249.6063906977747,38,4
1630.8757425532428,5452.2742068277175,35,38
49238.11855298257,3664.365481157713,25,3
3271.6095018488136,2971.102038781661,18,5
46590.814659681164,515.9983021279726,21,36
1264.2630365527755,144.1362396533518,48,33
1579.091129083561,898.825914381613,47,43
11166.585387016674,117.07499911679588,13,36
359.067308685473,1812.5976879773762,10,21
20846.99409131414,277.34280444076256,25,8
12839.095582391052,3036.7857797932,42,27
1211.9431383616482,73.55443855747019,38,11
871.2037691770392,3391.8901305343616,14,39
319.5105394951834,1131.8110051609096,46,14
2309.7634894657076,2228.7803869921772,28,10
497.00391915380015,1595.606530134314,37,39
11311.018429309763,1657.5633912574676,34,32
5016.830813812667,1990.774808090969,1,38
2005.1996394911444,3604.7426772053923,19,40
4693.0342773077355,1804.4249521606432,36,29
3157.858666395778,3878.0066676766664,31,12
154.31625172176368,879.6516580864553,3,19
8458.705207016003,637.1737842693855,19,26
989.7201995127394,108.33508377921677,13,28
11460.501232647863,1247.9528008209363,23,24
15684.318026992867,288.8799408408503,6,44
3414.739314665296,23606.819048809783,33,12
12453.46143408951,9117.01609056199,28,37
16639.709090029406,20898.60908215705,4,5
2390.0303834604506,5040.50199452629,10,5
1070.925919325188,705.0109960620779,40,14
393.22385547814457,2153.2923701809696,47,43
2802.145216058587,2604.757806416626,41,42
1228.2257959448145,8827.499630420512,33,47
8541.863528904905,261.1130647181892,8,35
1154.1494991021164,2075.5226299508226,37,18
1710.1391913663524,173.45172150453305,47,4
1042.9118628155172,1524.8792834438805,7,41
278.1869588873437,1325.6867053372375,18,47
250.9690911704811,1966.1693432063864,2,32
46375.76952050165,1401.9046240411446,41,36
2437.4223581401347,533.6807488740106,12,8
7981.17187447924,3043.450619795603,10,34
526.5457859387928,438.72378878914924,17,21
4651.634417351749,153.59017162072274,13,26
2929.9049133525377,2594.953585378983,48,46
10745.511367615409,2321.9201912390463,42,32
4019.58717998098,292.6568296730148,47,8
3213.0705621490606,353.4751907334403,9,17
703.2745305738729,3107.5448009612755,33,13
48427.33830816295,2367.808852679346,13,39
242.1403969915111,503.9815330130028,41,25
20281.599426476467,672.470904418316,12,44
78.02226995258816,537.9601138031645,16,29
16259.507397885958,5068.162109181843,23,32
433.00339486846417,100.33493157382264,42,21
2475.655005419337,1210.9235665716758,39,41
2608.4276635878164,119.42081086229658,25,33
664.1254242281422,1684.853788886712,40,30
8539.52294908241,307.5588836576183,42,13
2173.3227372944675,1664.1714061995121,9,30
1900.1363203699016,630.7000893597786,29,3
3422.4860345887923,988.0120804475008,28,48
1091.3103513994504,1094.1958148320814,38,41
5446.609048423332,116.69736463135449,31,29
9964.732683087253,821.6415962518137,25,12
922.4925795489064,439.5666026163225,14,6
2246.8653165105807,1119.3557649637858,30,35
2073.4931199284606,387.04813829697304,47,9
131.44749489750228,875.3548097368885,41,6
804.2785592528336,792.3183027788507,35,18
49127.9203686734,1765.468764790206,15,20
1772.5955871808162,12778.326235056855,14,38
3502.919709321123,1208.5585430015474,30,34
1463.0409925727392,886.567605122705,45,5
557.600958177012,1653.2335412704233,20,36
3066.655524233176,1421.2094930388446,48,21
10250.089235774454,1685.4747457694866,41,22
25637.886641713558,604.4155659208444,26,9
255.80208480089112,3302.0830883068006,21,5
4078.8798355090694,727.0966683792847,224,34
675.2280338887582,6879.53165754788,37,45
19243.254464434074,256.70473829380705,6,23
7114.106879129117,5607.2840495985365,27,19
3611.204285474357,1755.2049296445155,4,15
1680.6319001105435,1347.5748741192342,45,21
21607.546482752296,38.07368225503168,3,32
5264.36204175119,166.79680286566716,36,14
10501.223495868273,849.3090312176946,33,21
2446.2445746173025,2769.1260537684943,21,5
208.57113223447757,1489.8732249177683,30,41
509.4511424166957,563.2798704166219,48,8
1566.47617682428,764.8678386822684,22,2
248.55351378565072,1313.6124168320262,2,32
737.0263422216606,297.480712396811,11,7
4159.978263856166,718.863345364834,42,46
2448.4168565930777,55.716164912602046,2,42
5900.1878692296295,1216.4944660180095,24,35
6343.480145685893,323.7498436049269,26,31
44549.756186418104,179.6331546065484,24,13
26747.281057026048,1944.4773676290247,40,35
3590.697319837237,515.0623511463016,21,26
2835.1395369805327,1483.8309190714567,10,31
52184.385893063416,2513.0459349103303,8,1
4397.50779830772,1796.2877228175053,46,3
3023.580890232039,437.497222144838,40,23
8551.35302313683,3771.294473077008,49,40
2459.345942854643,892.3593932855379,4,10
5879.2314003076035,150.9125781790063,38,46
2219.7970142533586,1331.2495035773327,32,17
611.4500378996115,243.1522536904022,13,33
821.8029290024234,199.3176075698309,30,45
31214.39648857168,751.6931139667319,25,45
80584.39822110442,1075.68771692675,296,41
14861.989761776285,464.9398816332553,40,44
2049.4575384937084,2710.42281336914,40,8
5780.258923442506,4466.534586558697,35,48
1586.4013416736516,608.4934760446494,27,36
609.8673983033763,738.0917452375342,33,31
25772.10178329721,1877.1116605851082,248,30
12246.09381131698,1074.2841326374653,35,26
3733.1280231593482,952.2327528672766,12,28
286.31035137835454,435.4102136183821,19,32
12089.467714400713,784.9759907473584,19,8
3038.569709020305,222.0996531287629,19,15
2676.8222833024297,299.6279859588539,25,16
623.0280323949864,288.6298211219874,47,14
1955.8970083064185,246.2898603149935,34,9
4208.999163655626,3236.2310322114286,15,10
2831.403193499886,3818.741792443623,42,23
3794.277607199834,4069.4498968697494,16,35
1245.2137794722278,3053.025878137822,30,20
11224.004504852932,1075.3319742807234,15,10
1918.3593547657574,363.62410575193695,45,48
38806.782550978074,4469.325253702191,12,9
2616.2766011186086,2492.5628534752937,44,8
2674.1328077823873,330.1106037443118,24,16
118079.48009757983,1662.1953075669103,128,43
13753.322260512618,5753.377025945537,6,8
5021.756227695224,579.1258706949696,41,46
26967.837412470017,6679.292656544521,18,9
539.7768534037406,2896.6587250955113,40,24
9666.557002626263,821.2643829840193,19,21
3046.3799773667965,4956.135702922034,32,26
1155.870512637992,1966.649453661693,24,41
4628.448124799137,1472.5812527246478,11,15
6595.424917631917,403.04776341185584,45,35
2085.181174195581,2469.6456916526736,29,38
12411.735187357015,878.9047376454683,7,18
67821.61709561653,1340.7945480099281,1,41
1052.2220421485233,1170.4701162899134,1,49
6096.029060176015,205.83649752082317,42,40
66739.80369930423,1645.4155172201156,20,14
7644.677250055254,11377.661524653542,21,5
32195.171227130108,3590.684095571513,38,19
2686.9076873626727,7993.116193848268,37,11
1833.5467726015381,258.9247324409057,23,32
266.1705057299209,809.566555694757,20,3
37321.666036833034,170.95559172801893,2,49
5265.622061388942,1092.7954128020172,23,24
2186.3938732951856,8684.574881271288,14,26
7358.226289598038,516.1798757218647,30,35
89727.51187182018,1634.6758818310134,72,16
45891.96444375833,272.78898721249607,392,18
615.0916124959381,2526.8692922358123,33,15
4656.800283877136,269.67743147085224,44,27
19927.728797145304,1764.1953580338743,23,24
525.4022565086044,2447.729846912021,8,15
4494.95554128585,1056.4025288194318,2,2
7918.422543048407,637.4942266950801,39,7
42161.24586926191,1407.6673795408688,184,10
2667.456311795122,4633.625830021933,2,33
8906.052030278772,800.2155579228604,22,46
278.2081992219883,848.998375730541,43,9
17835.695554171598,781.9775598851677,33,6
2120.0334256819456,3363.9192225682596,21,11
1850.9854118417666,456.5095729098876,48,4
5500.411136339137,1307.0359668583842,17,21
183.1742330508252,784.7644006641262,47,25
6484.012244529797,7800.9392002290615,16,28
18069.392631784904,449.75534261272736,10,32
930.4704260694581,432.37910357488283,49,3
39030.604174532484,3880.6015598487265,33,41
3804.412216962748,390.73661205260896,45,41
812.265006816287,677.0541381792292,43,25
275.89246734116716,1703.015392695199,23,45
1382.6091676682718,638.5476767892103,18,40
3009.7356411948504,252.0638289861898,38,35
37711.43597083499,6829.27105523294,8,31
1354.5994508447222,566.7080212996264,42,20
24198.66796497567,1063.6171972801528,7,35
4471.600742532013,999.9388885425402,16,24
162.89903493454491,440.2859225492826,37,13
4330.886392921973,443.49583999017335,28,13
13396.297138189298,1880.6469775270991,45,29
82301.5631498725,2044.6624707441244,40,3
1398.2344724743689,1670.7576027095984,31,47
49717.81371666017,1230.2710442237399,45,45
1411.1280068719234,942.5585515162326,18,33
4998.097446051157,423.96545716497263,31,25
12194.131310795265,520.2775208695646,48,34
176211.60144039718,885.3853374412513,352,12
308.34011487636576,806.8723217506675,44,6
705.8977690313058,814.4798588649173,47,35
26133.508625556373,1506.330066142501,27,38
29407.638219984237,11887.615089287632,30,44
14822.20485049324,3663.5195762712847,39,45
7027.237656915671,796.7321433942585,10,26
2280.6805984823845,1653.0470027490032,34,16
33712.866076330945,992.083192938404,21,46
1018.3724974772219,569.8412833138676,10,44
22672.670844768036,2725.4844142828415,32,31
1885.8076803336971,3471.035756479089,40,9
1042.9657587515783,228.35655177825092,3,39
24519.648483487275,1631.038681560358,44,10
2072.7877196689738,488.99456757361804,18,11
5069.259150264525,1473.6653202451946,17,3
3416.3411738854584,1489.0691359227592,25,13
3988.352919417218,104.98944455189738,21,14
4882.59150965544,1114.8311616077474,45,36
3996.2536169444425,1733.1705581087133,22,43
88.47077050242747,124.94140938823261,40,10
678.7667807857479,340.6623688436001,6,18
16009.430580335167,2024.7745717514294,8,35
23913.064294764823,1107.448251993561,25,42
16227.557760267779,945.4238229564266,18,30
48859.67939650651,1379.7452703901831,20,37
4896.308787888751,822.3474852304778,27,23
118806.31516191259,573.5065102659843,128,41
263712.5375954729,467.51973216779123,216,45
4049.1002540028917,2086.578210410301,32,44
65230.07754676754,6588.034498613968,25,21
347.14020940553706,712.8298959824074,49,48
11595.192683091904,333.1845924091027,4,26
40257.68945746238,285.6333268733522,11,36
9935.919738014758,3895.13866350448,47,22
2501.567567198139,3215.5696951061664,18,27
1480.5621611226932,1527.1591263105931,31,33
21971.76446475911,807.2672146005447,5,32
2976.359917799917,721.2524033732343,22,29
25658.1422174192,2849.0130600830366,15,8
1916.594422217539,2673.445835255767,2,44
761.0020819075806,3299.993718597711,45,22
43056.05609999228,210.53937753314565,29,1
744.3311408903486,806.5921679675522,39,38
7570.075009932885,18017.962391692552,20,6
1760.42434471018,1679.2485523206467,21,37
11375.482950698466,626.7177688886352,49,11
1223.8149273014842,435.75284196406255,13,27
12949.645626288304,236.61706430478026,35,34
3982.857411016198,660.9547388060669,29,16
17818.648698687874,1366.469849258681,3,6
903.3593339429077,1105.8541296583553,41,19
5564.650787411091,1107.5668959347117,38,28
15012.084945594854,607.8554248698316,29,3
9107.157798659224,13688.32662649053,39,5
4928.65258223151,8708.451358162964,28,27
164.0998730896021,2363.3658459812623,37,11
4152.714166830739,4964.5930540189165,10,28
31292.79315669511,45.15267879374771,8,25
568.1448941553247,1778.5436854756488,11,6
3945.9036321551002,1282.6734283626722,21,15
141.0372814711289,13751.757937079889,4,28
2161.138547804596,3426.3983241949163,17,42
354.8609933247735,1523.4895057565366,31,42
718.9982403282128,2646.6555499278775,42,8
7943.40445082306,781.8645427681514,35,45
2010.5836459595348,887.3443632904473,22,45
1399.6663867483842,1068.0273258705777,40,21
1092.2773809168534,369.64431469520537,5,33
25674.474633226888,551.1690703635518,44,40
69079.62395042181,676.3140595515961,12,17
751.9185595865636,187.46154872757083,44,10
19107.40622178909,1187.1748982688086,18,32
2959.1666972108965,1188.5789077072202,43,18
1262.3237322682658,82.38155679295333,5,27
1045.5930524447879,22835.18022813174,47,24
297.3528970540775,9259.892940516082,33,1
2549.0435180537634,4586.46737997554,14,48
1184.8712442557883,1435.5480870408785,48,34
7088.010544328427,2457.396310953285,18,24
1011.0331019489118,2909.2866848216263,21,21
1171.7620288394805,717.7376815087657,18,17
3553.6438554539777,4981.202366075637,24,3
373.55283711484054,2732.6374011980943,19,48
3699.7404245669286,1330.8779800798716,3,30
18733.034181472405,393.3820781131831,17,17
1122.7690562950634,263.7620657986916,38,37
2531.4403749167454,2562.599583354197,15,2
2587.7771989358507,1324.3148487216401,34,48
1953.6180983552358,949.7780621905385,10,26
3144.35622914945,175.91373343883714,28,24
5450.6742949809795,4100.268918798908,17,33
127.9046874597374,747.0470404838898,8,14
146249.42874490752,1750.855420765037,37,17
31536.916983457682,97.71316303156328,9,30
126676.128311245,296.3524616664796,35,1
1072.7259086980016,765.2974883101573,48,11
10786.04373003112,1080.6098102652736,3,32
3634.0273628819014,170.53345024751002,160,17
5205.613796036728,550.6737620284279,23,49
58.83087402104646,1481.4336390094747,6,24
52691.73823765786,1811.292408363417,32,27
435.4885011934241,732.6693577149109,36,33
3917.3405207420114,1532.9807033462853,46,22
737.325619058687,65.60876820430873,40,10
351.9083690334203,2299.523940671302,32,11
2607.903333482702,2893.0456332340864,36,4
2325.5464260285175,394.1589628193454,4,48
600.8431095842166,1420.862884976347,34,38
1029.479861108158,2263.2239977570566,36,40
421.5044156359438,5057.629952594364,47,28
2312.9454638270745,965.4359456174818,43,11
443.09455067983475,4087.596291035055,43,13
15453.31497114465,3841.078276027324,24,24
852.7712335646564,3305.566663067972,18,35
1477.939579687462,1165.5443889390608,43,26
401.6741034225737,1741.6091234368007,29,27
2211.3068022908774,101.8381114193755,48,48
2552.656674204442,548.6746228478237,49,17
4093.5568657693043,124.4304123254499,40,25
648.6254862406942,478.8379466057528,31,33
191.80495888191658,265.733498930222,5,21
774.0969234738882,942.9685055240321,47,31
3149.123233269007,4232.375336999708,45,46
466.0722459247485,1578.7478340745367,22,39
13386.889955650287,1516.4254816693306,168,9
2082.7880785537113,1615.7623007447899,27,38
1267.9477241177553,1426.162709253944,4,38
5399.349366617579,3752.1077360837317,2,1
2387.1469793441006,4060.4416125449347,23,11
154.3232661944259,120.45908538837412,36,46
6946.461984932017,2895.1486086270183,14,34
38080.8753669476,885.1744177113774,11,23
1945.1121666551458,903.2719401853183,37,49
23350.273911897428,8672.400713247496,15,12
413196.905753655,3378.5487324042665,216,2
9252.4253664618,3524.186282523938,14,41
5820.737845914921,1154.6282936024236,9,23
5853.2399906179135,1481.697173330795,21,26
15759.899953447943,3525.356434425717,38,12
222.8117274308527,1919.0589329822114,49,13
2963.062570006557,9353.310519159406,14,17
17224.403737481985,1023.3294058313859,35,47
46745.23983376482,169.89646853489288,24,3
2949.5987405589226,479.7565859973495,26,40
26746.645134755785,1534.6030182754953,312,39
306.61534425115906,4838.854631062349,4,13
115.07191616850497,419.5581446480971,36,38
1235.5653229130185,359.33798161497003,33,39
1058.9875870092526,523.9271496683542,37,20
10152.478634294868,375.2990443039446,10,21
284.7677870691235,4182.12405004701,11,19
2285.5563642860648,3545.7422985413737,20,3
3672.384580759656,856.2544623263248,14,2
5457.402823769912,524.3281961676078,36,8
8949.675282998654,348.8291547234497,42,13
588.3044127129065,214.67197880676508,13,33
3493.4807569413397,1455.1214344522448,36,36
5096.418133633824,692.7004436962662,27,27
